Term,es,nes,pval,fdr,gene_set_size,matched_size,genes
USER_GENE_SET,-0.742925805585,-1.50447062371,0.0433145009416,0.0433145009416,5,5,"1956,3845,3175,367,9480"
